Marque;Modèle;Prix;Carburant;Chevaux;Type_moteur;Cylindrée;CO2;KM;Année;Transmission;Puissance;Puissance_fiscale
CITROEN;C3;18990;Essence M;83;PureTech;1.2;122;41095;2021;Automatique;61.0465;5.152971111111111
PEUGEOT;2008;15299;Essence;130;BlueHDi;1.5;125;74776;2020;Manuelle;95.61500000000001;6.602377777777778
CITROEN;C3;18499;Essence;110;PureTech;1.2;132;81262;2020;Manuelle;80.905;6.169533333333334
PEUGEOT;208;18999;Essence;100;PureTech;1.2;118;20485;2022;Manuelle;73.55000000000001;5.564222222222223
DACIA;Duster;13799;Essence;100;TCe;1.0;121;74725;2020;Manuelle;73.55000000000001;5.63088888888889
CITROEN;C3;19990;Essence;110;PureTech;1.2;123;19119;2022;Automatique;80.905;5.969533333333334
CITROEN;C3;19490;Essence;83;PureTech;1.2;122;48949;2021;Automatique;61.0465;5.152971111111111
PEUGEOT;208;19799;HYBRIDE;100;PureTech;1.2;118;43140;2021;AUTOMATIQUE;73.55000000000001;5.564222222222223
RENAULT;Captur;34778;Electrique;90;TCe;0.9;114;12810;2021;Automatique;66.19500000000001;5.181133333333333
DACIA;Duster;13499;Essence;115;Blue;1.5;108;13124;2020;Manuelle;84.58250000000001;5.7833000000000006
CITROEN;C3;17999;Electrique;83;PureTech;1.2;122;41008;2021;Automatique;61.0465;5.152971111111111
PEUGEOT;208;19189;Diesel;100;PureTech;1.2;118;53937;2020;Automatique;73.55000000000001;5.564222222222223
PEUGEOT;3008;21799;Essence;130;PureTech;1.2;109;57229;2019;Automatique;95.61500000000001;6.246822222222223
CITROEN;C3;13999;Essence;83;PureTech;1.2;122;27713;2021;Manuelle;61.0465;5.152971111111111
PEUGEOT;208;16499;Essence;100;PureTech;1.2;118;22131;2021;Automatique;73.55000000000001;5.564222222222223
CITROEN;C3;32799;Essence;110;PureTech;1.2;132;12478;2021;Automatique;80.905;6.169533333333334
PEUGEOT;2008;16499;Diesel;130;BlueHDi;1.5;125;32410;2019;Manuelle;95.61500000000001;6.602377777777778
PEUGEOT;208;28499;ESSENCE;100;PureTech;1.2;118;21250;2022;AUTOMATIQUE;73.55000000000001;5.564222222222223
CITROEN;C3;39978;Electrique;83;PureTech;1.2;122;18424;2020;Automatique;61.0465;5.152971111111111
DACIA;Duster;15455;Diesel;115;Blue;1.5;108;76864;2019;Manuelle;84.58250000000001;5.7833000000000006
PEUGEOT;208;25999;Electrique;100;PureTech;1.2;118;9862;2022;Automatique;73.55000000000001;5.564222222222223
PEUGEOT;2008;16499;Hybride R;100;BlueHDi;1.5;86;83587;2021;Automatique;73.55000000000001;4.853111111111112
FORD;Kuga;35900;Essence;150;Flexifuel;1.5;170;63179;2019;Manuelle;110.325;8.190777777777779
PEUGEOT;208;11499;Essence;100;PureTech;1.2;118;83375;2018;Automatique;73.55000000000001;5.564222222222223
PEUGEOT;208;22580;Diesel;100;PureTech;1.2;118;100354;2017;Manuelle;73.55000000000001;5.564222222222223
PEUGEOT;208;31480;Essence;100;PureTech;1.2;118;28226;2020;Manuelle;73.55000000000001;5.564222222222223
CITROEN;C3;16499;Diesel;110;PureTech;1.2;123;121062;2019;Manuelle;80.905;5.969533333333334
PEUGEOT;208;34778;Electrique;100;PureTech;1.2;118;10000;2022;Automatique;73.55000000000001;5.564222222222223
FORD;Ecosport;11299;Essence;125;EcoBoost;1.0;147;25830;2020;Manuelle;91.9375;6.944166666666667
PEUGEOT;208;21499;Hybride;100;PureTech;1.2;118;17308;2021;Automatique;73.55000000000001;5.564222222222223
PEUGEOT;2008;28499;DIESEL;130;BlueHDi;1.5;125;57118;2019;MANUELLE;95.61500000000001;6.602377777777778
CITROEN;C3;39990;Essence;110;PureTech;1.2;124;29055;2022;Automatique;80.905;5.991755555555556
PEUGEOT;308;16499;Essence;110;PureTech;1.2;108;79782;2016;Manuelle;80.905;5.6362000000000005
PEUGEOT;208;18990;Essence;100;PureTech;1.2;118;1142;2021;Manuelle;73.55000000000001;5.564222222222223
FORD;Ecosport;19999;Essence;125;EcoBoost;1.0;147;7649;2022;Manuelle;91.9375;6.944166666666667
CITROEN;C3;12999;Essence M;110;PureTech;1.2;121;15507;2022;Manuelle;80.905;5.925088888888889
PEUGEOT;208;16490;Diesel;100;PureTech;1.2;118;19000;2022;Automatique;73.55000000000001;5.564222222222223
PEUGEOT;208;43900;Hybride R;100;PureTech;1.2;118;31709;2021;Automatique;73.55000000000001;5.564222222222223
FORD;Focus sw;19799;ESSENCE;95;EcoBlue;1.5;92;20246;2022;MANUELLE;69.8725;4.8393444444444444
PEUGEOT;208;37900;Essence;100;PureTech;1.2;118;34635;2017;Automatique;73.55000000000001;5.564222222222223
PEUGEOT;208;28499;ESSENCE;100;PureTech;1.2;118;21250;2022;AUTOMATIQUE;73.55000000000001;5.564222222222223
MASERATI;Levante;16299;Gpl;430;V6;3.0;273;4121;2022;Manuelle;316.26500000000004;18.717266666666667
RENAULT;Clio;11990;Diesel;90;dCi;1.5;90;78867;2020;Automatique;66.19500000000001;4.6478
VOLKSWAGEN;T-roc;19999;Essence;150;TSI;1.5;117;49897;2019;Manuelle;110.325;7.013
CITROEN;C3;14499;Essence;83;PureTech;1.2;123;41522;2021;Manuelle;61.0465;5.1751933333333335
SEAT;Ateca;15999;Essence M;150;TSI;1.5;117;18448;2022;Automatique;110.325;7.013
PEUGEOT;208;17999;Electrique;100;PureTech;1.2;118;9300;2021;Automatique;73.55000000000001;5.564222222222223
CITROEN;C3;16690;Essence;83;PureTech;1.2;123;45916;2017;Manuelle;61.0465;5.1751933333333335
PEUGEOT;208;18299;Essence;100;PureTech;1.2;118;5794;2022;Manuelle;73.55000000000001;5.564222222222223
PEUGEOT;208;25999;Essence;100;PureTech;1.2;118;29840;2020;Automatique;73.55000000000001;5.564222222222223
CITROEN;C3;22499;Diesel;83;PureTech;1.2;122;106632;2013;Manuelle;61.0465;5.152971111111111
PEUGEOT;208;17999;Essence;75;PureTech;1.2;119;59834;2016;Manuelle;55.1625;4.850944444444444
PEUGEOT;308;19799;HYBRIDE;110;PureTech;1.2;108;43140;2021;AUTOMATIQUE;80.905;5.6362000000000005
PEUGEOT;208;18399;Essence;100;PureTech;1.2;118;17010;2021;Manuelle;73.55000000000001;5.564222222222223
PEUGEOT;208;33900;Essence;100;PureTech;1.2;118;74525;2018;Manuelle;73.55000000000001;5.564222222222223
CITROEN;C3;19799;ESSENCE;83;PureTech;1.2;123;20246;2022;MANUELLE;61.0465;5.1751933333333335
PEUGEOT;208;28499;ESSENCE;100;PureTech;1.2;118;21250;2022;AUTOMATIQUE;73.55000000000001;5.564222222222223
PEUGEOT;208;20480;Electrique;100;PureTech;1.2;118;100;2022;Automatique;73.55000000000001;5.564222222222223
PEUGEOT;208;16499;Hybride R;100;PureTech;1.2;118;10000;2023;Automatique;73.55000000000001;5.564222222222223
PEUGEOT;208;16699;Essence;100;PureTech;1.2;118;4827;2022;Manuelle;73.55000000000001;5.564222222222223
CITROEN;C3;45990;Essence;83;PureTech;1.2;123;51309;2018;Automatique;61.0465;5.1751933333333335
PEUGEOT;208;16499;Essence;100;PureTech;1.2;118;10;2023;Manuelle;73.55000000000001;5.564222222222223
PEUGEOT;2008;15299;Essence;130;PureTech;1.2;124;76008;2017;Manuelle;95.61500000000001;6.580155555555556
CITROEN;C3;19799;HYBRIDE;110;PureTech;1.2;124;43140;2021;AUTOMATIQUE;80.905;5.991755555555556
PEUGEOT;208;16799;Essence;100;PureTech;1.2;118;56097;2017;Automatique;73.55000000000001;5.564222222222223
RENAULT;Clio;9990;Diesel;90;dCi;1.5;90;114296;2014;Manuelle;66.19500000000001;4.6478
CITROEN;C3;19799;ESSENCE;83;PureTech;1.2;123;20246;2022;MANUELLE;61.0465;5.1751933333333335
MASERATI;Granturismo;16989;Essence;460;460ch;4.7;313;42319;2020;Manuelle;338.33000000000004;20.488755555555556
PEUGEOT;208;19799;HYBRIDE;100;PureTech;1.2;118;43140;2021;AUTOMATIQUE;73.55000000000001;5.564222222222223
PEUGEOT;208;14999;Essence M;100;PureTech;1.2;118;19120;2022;Automatique;73.55000000000001;5.564222222222223
RENAULT;Megane;36990;Essence M;140;TCe;1.3;120;39632;2022;Manuelle;102.97;6.785466666666666
PEUGEOT;208;17999;Essence;100;PureTech;1.2;118;4664;2022;Manuelle;73.55000000000001;5.564222222222223
CITROEN;C3;13499;Essence;83;PureTech;1.2;122;18645;2020;Manuelle;61.0465;5.152971111111111
SEAT;Ateca;16499;Diesel;115;TSI;1.0;147;84512;2020;Automatique;84.58250000000001;6.649966666666668
PEUGEOT;208;34778;Diesel;100;PureTech;1.2;118;89390;2017;Automatique;73.55000000000001;5.564222222222223
RENAULT;Kadjar;16900;Essence;115;Blue;1.5;135;29292;2019;Manuelle;84.58250000000001;6.3833
PEUGEOT;208;28499;ESSENCE;100;PureTech;1.2;118;21250;2022;AUTOMATIQUE;73.55000000000001;5.564222222222223
CITROEN;C3;18999;Essence;83;PureTech;1.2;123;44661;2020;Automatique;61.0465;5.1751933333333335
PEUGEOT;208;16499;Essence;100;PureTech;1.2;118;8518;2022;Manuelle;73.55000000000001;5.564222222222223
PEUGEOT;208;16499;Diesel;100;PureTech;1.2;118;78467;2019;Automatique;73.55000000000001;5.564222222222223
FORD;Kuga;34778;Electrique;150;Flexifuel;1.5;170;34890;2022;Automatique;110.325;8.190777777777779
DACIA;Duster;19980;Diesel;130;TCe;1.3;135;110541;2018;Automatique;95.61500000000001;6.8246
CITROEN;C3;28499;DIESEL;110;PureTech;1.2;132;57118;2019;MANUELLE;80.905;6.169533333333334
PEUGEOT;208;16499;Diesel;100;PureTech;1.2;118;96500;2016;Automatique;73.55000000000001;5.564222222222223
PEUGEOT;208;12999;Diesel;100;PureTech;1.2;118;117251;2015;Automatique;73.55000000000001;5.564222222222223
DACIA;Duster;50990;Diesel;115;Blue;1.5;108;109041;2018;Manuelle;84.58250000000001;5.7833000000000006
RENAULT;Kadjar;24999;Hybride R;140;TCe;1.3;130;69021;2021;Automatique;102.97;7.0076888888888895
PEUGEOT;208;20479;Essence;100;PureTech;1.2;118;25672;2021;Manuelle;73.55000000000001;5.564222222222223
CITROEN;C3;41960;Essence;83;PureTech;1.2;123;87658;2018;Manuelle;61.0465;5.1751933333333335
CITROEN;C3;16499;Diesel;83;PureTech;1.2;123;47752;2020;Manuelle;61.0465;5.1751933333333335
RENAULT;Megane estate;17999;Essence;140;TCe;1.3;142;52554;2020;Manuelle;102.97;7.274355555555555
PEUGEOT;208;34778;Essence;100;PureTech;1.2;118;25193;2020;Automatique;73.55000000000001;5.564222222222223
MASERATI;Granturismo;16499;Essence;460;460ch;4.7;313;15756;2023;Manuelle;338.33000000000004;20.488755555555556
PEUGEOT;208;30499;Essence;100;PureTech;1.2;118;100;2023;Manuelle;73.55000000000001;5.564222222222223
PEUGEOT;208;15999;Essence;100;PureTech;1.2;118;11877;2022;Manuelle;73.55000000000001;5.564222222222223
CITROEN;C3;26990;Essence;83;PureTech;1.2;123;38164;2021;Manuelle;61.0465;5.1751933333333335
PEUGEOT;3008;22990;Electrique;130;PureTech;1.2;109;27500;2020;Automatique;95.61500000000001;6.246822222222223
PEUGEOT;208;14299;Diesel;100;BlueHDi;1.5;86;55096;2019;Manuelle;73.55000000000001;4.853111111111112
PEUGEOT;208;13999;Diesel;100;PureTech;1.2;118;74205;2021;Automatique;73.55000000000001;5.564222222222223
RENAULT;Megane;16699;Essence;140;TCe;1.3;136;41860;2020;Automatique;102.97;7.141022222222222
CITROEN;C3;16499;Electrique;83;PureTech;1.2;123;15871;2022;Automatique;61.0465;5.1751933333333335
CITROEN;C3;34778;Diesel;83;PureTech;1.2;122;52000;2021;Manuelle;61.0465;5.152971111111111
CITROEN;C3;17999;Essence;83;PureTech;1.2;122;83177;2019;Manuelle;61.0465;5.152971111111111
RENAULT;Captur;28499;DIESEL;90;TCe;0.9;114;57118;2019;MANUELLE;66.19500000000001;5.181133333333333
CITROEN;C3;28499;ESSENCE;83;PureTech;1.2;123;21250;2022;AUTOMATIQUE;61.0465;5.1751933333333335
PEUGEOT;208;12499;Hybride;100;PureTech;1.2;118;58971;2021;Automatique;73.55000000000001;5.564222222222223
CITROEN;C3;26999;Diesel M;83;PureTech;1.2;123;10500;2023;Automatique;61.0465;5.1751933333333335
PEUGEOT;208;16499;Diesel;100;PureTech;1.2;118;121100;2017;Manuelle;73.55000000000001;5.564222222222223
VOLKSWAGEN;Tiguan;83200;Hybride;150;TSI;1.5;128;20500;2022;Automatique;110.325;7.257444444444445
PEUGEOT;208;17999;Essence;100;PureTech;1.2;118;14756;2021;Manuelle;73.55000000000001;5.564222222222223
PEUGEOT;208;16499;Hybride;100;PureTech;1.2;118;116268;2019;Automatique;73.55000000000001;5.564222222222223
RENAULT;Megane;18699;Essence;140;TCe;1.3;120;37664;2021;Manuelle;102.97;6.785466666666666
PEUGEOT;208;20999;Essence;100;PureTech;1.2;118;98870;2019;Manuelle;73.55000000000001;5.564222222222223
CITROEN;C3;17999;Diesel;110;PureTech;1.2;132;115748;2017;Automatique;80.905;6.169533333333334
PEUGEOT;208;14580;Essence;75;PureTech;1.2;118;26640;2020;Manuelle;55.1625;4.828722222222222
CITROEN;C3;33290;Essence;83;PureTech;1.2;123;2654;2023;Manuelle;61.0465;5.1751933333333335
RENAULT;Kadjar;13499;Hybride;115;Blue;1.5;135;30334;2021;Automatique;84.58250000000001;6.3833
PEUGEOT;208;17799;Essence;100;PureTech;1.2;118;33878;2021;Manuelle;73.55000000000001;5.564222222222223
RENAULT;Megane estate;13790;Diesel;140;TCe;1.3;142;3000;2022;Automatique;102.97;7.274355555555555
CITROEN;C3;19799;ESSENCE;110;PureTech;1.2;124;20246;2022;MANUELLE;80.905;5.991755555555556
PEUGEOT;3008;16499;Hybride;130;PureTech;1.2;109;74187;2020;Automatique;95.61500000000001;6.246822222222223
PEUGEOT;2008;16499;Essence;100;PureTech;1.2;122;10000;2023;Automatique;73.55000000000001;5.653111111111112
PEUGEOT;2008;58490;Essence;100;BlueHDi;1.5;86;10242;2021;Manuelle;73.55000000000001;4.853111111111112
PEUGEOT;208;17999;Essence;100;PureTech;1.2;118;15058;2022;Manuelle;73.55000000000001;5.564222222222223
PEUGEOT;208;17990;Essence;100;PureTech;1.2;118;50977;2019;Manuelle;73.55000000000001;5.564222222222223
PEUGEOT;208;19799;Diesel;100;PureTech;1.2;118;70895;2020;Manuelle;73.55000000000001;5.564222222222223
PEUGEOT;208;26499;Essence;100;PureTech;1.2;118;64300;2017;Manuelle;73.55000000000001;5.564222222222223
PEUGEOT;208;29990;Essence;100;PureTech;1.2;118;60290;2021;Automatique;73.55000000000001;5.564222222222223
PEUGEOT;2008;20499;Diesel;130;BlueHDi;1.5;125;83094;2021;Automatique;95.61500000000001;6.602377777777778
RENAULT;Megane estate;19799;ESSENCE;140;TCe;1.3;122;20246;2022;MANUELLE;102.97;6.8299111111111115
PEUGEOT;208;21980;Essence;100;PureTech;1.2;118;62486;2019;Manuelle;73.55000000000001;5.564222222222223
SEAT;Ateca;33290;Diesel M;150;TSI;1.5;117;60000;2021;Automatique;110.325;7.013
PEUGEOT;2008;34799;Diesel;130;BlueHDi;1.5;125;101938;2017;Manuelle;95.61500000000001;6.602377777777778
RENAULT;Kadjar;18990;Diesel;115;Blue;1.5;135;52311;2020;Manuelle;84.58250000000001;6.3833
PEUGEOT;208;25299;Essence;100;PureTech;1.2;118;29430;2020;Manuelle;73.55000000000001;5.564222222222223
PEUGEOT;208;34778;Diesel;100;PureTech;1.2;118;10000;2023;Automatique;73.55000000000001;5.564222222222223
PEUGEOT;208;16499;Essence;100;PureTech;1.2;118;25853;2021;Manuelle;73.55000000000001;5.564222222222223
PEUGEOT;208;15450;Essence;100;PureTech;1.2;118;7842;2023;Manuelle;73.55000000000001;5.564222222222223
DACIA;Duster;12499;Electrique;100;TCe;1.0;121;7534;2022;Automatique;73.55000000000001;5.63088888888889
FORD;Ecosport;16299;Essence;125;EcoBoost;1.0;147;48019;2017;Manuelle;91.9375;6.944166666666667
CITROEN;C3;15489;Essence;83;PureTech;1.2;123;3444;2023;Manuelle;61.0465;5.1751933333333335
PEUGEOT;208;21499;Essence;100;PureTech;1.2;118;34594;2021;Automatique;73.55000000000001;5.564222222222223
PEUGEOT;208;29900;Electrique;100;PureTech;1.2;118;32682;2022;Automatique;73.55000000000001;5.564222222222223
SEAT;Ateca;16499;Essence;150;TSI;1.5;149;32346;2021;Automatique;110.325;7.724111111111111
CITROEN;C3;35299;Electrique;83;PureTech;1.2;123;47374;2021;Automatique;61.0465;5.1751933333333335
PEUGEOT;208;10999;Essence M;100;PureTech;1.2;118;10800;2023;Automatique;73.55000000000001;5.564222222222223
PEUGEOT;208;57999;Essence;100;PureTech;1.2;118;112810;2015;Manuelle;73.55000000000001;5.564222222222223
RENAULT;Kadjar;28499;ESSENCE;115;Blue;1.5;112;21250;2022;AUTOMATIQUE;84.58250000000001;5.872188888888889
PEUGEOT;208;27690;Diesel;100;PureTech;1.2;118;89912;2020;Automatique;73.55000000000001;5.564222222222223
PEUGEOT;208;17450;Essence;100;PureTech;1.2;118;23968;2019;Manuelle;73.55000000000001;5.564222222222223
RENAULT;Scenic;13480;Essence;115;TCe;1.3;134;5859;2022;Manuelle;84.58250000000001;6.361077777777778
CITROEN;C3;19799;HYBRIDE;110;PureTech;1.2;132;43140;2021;AUTOMATIQUE;80.905;6.169533333333334
CITROEN;C3;28499;DIESEL;83;PureTech;1.2;122;57118;2019;MANUELLE;61.0465;5.152971111111111
CITROEN;C3;13813;Essence;110;PureTech;1.2;121;92258;2019;Manuelle;80.905;5.925088888888889
CITROEN;C3;28499;ESSENCE;83;PureTech;1.2;123;21250;2022;AUTOMATIQUE;61.0465;5.1751933333333335
PEUGEOT;208;28499;DIESEL;100;PureTech;1.2;118;57118;2019;MANUELLE;73.55000000000001;5.564222222222223
PEUGEOT;208;11799;Diesel;100;PureTech;1.2;118;24000;2023;Automatique;73.55000000000001;5.564222222222223
CITROEN;C3;14999;Essence;110;PureTech;1.2;124;58055;2020;Manuelle;80.905;5.991755555555556
PEUGEOT;208;38978;Electrique;100;PureTech;1.2;118;9075;2021;Automatique;73.55000000000001;5.564222222222223
RENAULT;Megane estate;17380;Essence;140;TCe;1.3;120;56835;2020;Manuelle;102.97;6.785466666666666
PEUGEOT;208;13999;Hybride;100;PureTech;1.2;118;8924;2022;Automatique;73.55000000000001;5.564222222222223
SEAT;Leon;19799;HYBRIDE;115;EcoTSI;1.0;105;43140;2021;AUTOMATIQUE;84.58250000000001;5.716633333333334
SEAT;Ateca;18999;Diesel;150;TSI;1.5;117;1915;2020;Automatique;110.325;7.013
PEUGEOT;208;16999;Essence;100;PureTech;1.2;118;7477;2022;Manuelle;73.55000000000001;5.564222222222223
PEUGEOT;208;17480;Essence;100;PureTech;1.2;118;27578;2021;Manuelle;73.55000000000001;5.564222222222223
CITROEN;C3;13490;Essence;83;PureTech;1.2;122;7139;2021;Automatique;61.0465;5.152971111111111
RENAULT;Megane;15990;Essence;115;TCe;1.3;120;14202;2019;Manuelle;84.58250000000001;6.049966666666667
PEUGEOT;208;50300;Essence M;75;PureTech;1.2;119;21181;2022;Automatique;55.1625;4.850944444444444
CITROEN;C3;16499;Diesel;83;PureTech;1.2;123;48130;2019;Manuelle;61.0465;5.1751933333333335
CITROEN;C3;17480;Essence;110;PureTech;1.2;121;11117;2022;Manuelle;80.905;5.925088888888889
PEUGEOT;208;16499;Essence;100;PureTech;1.2;118;129350;2018;Manuelle;73.55000000000001;5.564222222222223
CITROEN;C3;14790;Diesel;83;PureTech;1.2;122;19950;2021;Manuelle;61.0465;5.152971111111111
RENAULT;Kadjar;16999;Diesel;115;Blue;1.5;131;80641;2020;Manuelle;84.58250000000001;6.294411111111112
RENAULT;Megane estate;34778;Essence;140;TCe;1.3;142;14923;2021;Manuelle;102.97;7.274355555555555
PEUGEOT;208;28690;Essence;100;PureTech;1.2;118;13295;2021;Manuelle;73.55000000000001;5.564222222222223
PEUGEOT;208;15999;Essence;100;PureTech;1.2;118;15696;2022;Manuelle;73.55000000000001;5.564222222222223
VOLKSWAGEN;T-roc;23299;Diesel;115;TDI;1.6;138;50349;2020;Manuelle;84.58250000000001;6.4499666666666675
PEUGEOT;208;19990;Diesel M;100;PureTech;1.2;118;140335;2020;Manuelle;73.55000000000001;5.564222222222223
PEUGEOT;208;20990;Essence;100;PureTech;1.2;118;1278;2022;Manuelle;73.55000000000001;5.564222222222223
CITROEN;C3;27980;Diesel;83;PureTech;1.2;123;87401;2015;Manuelle;61.0465;5.1751933333333335
CITROEN;C3;13300;Diesel;110;PureTech;1.2;132;43835;2021;Manuelle;80.905;6.169533333333334
PEUGEOT;208;16499;Diesel;100;PureTech;1.2;118;59625;2021;Manuelle;73.55000000000001;5.564222222222223
CITROEN;C3;13499;Essence;83;PureTech;1.2;123;48550;2021;Manuelle;61.0465;5.1751933333333335
RENAULT;Kadjar;29999;Hybride;115;Blue;1.5;112;10000;2023;Automatique;84.58250000000001;5.872188888888889
PEUGEOT;208;13980;Electrique;100;PureTech;1.2;118;20860;2021;Automatique;73.55000000000001;5.564222222222223
PEUGEOT;3008;20990;Diesel;130;BlueHDi;1.5;111;95867;2019;Manuelle;95.61500000000001;6.291266666666667
FIAT;500;22299;Diesel;69;8v;1.2;117;72233;2018;Automatique;50.749500000000005;4.62998
CITROEN;C3;28499;Diesel;110;PureTech;1.2;122;58905;2019;Automatique;80.905;5.947311111111111
FIAT;500;16499;Diesel;69;8v;1.2;109;130345;2016;Automatique;50.749500000000005;4.452202222222223
RENAULT;Kadjar;15299;Electrique;115;Blue;1.5;112;8000;2022;Automatique;84.58250000000001;5.872188888888889
DACIA;Duster;12299;Hybride R;115;Blue;1.5;118;35513;2021;Automatique;84.58250000000001;6.005522222222223
PEUGEOT;208;16499;Electrique;100;PureTech;1.2;118;8913;2022;Automatique;73.55000000000001;5.564222222222223
PEUGEOT;208;31900;Diesel;100;PureTech;1.2;118;84357;2020;Manuelle;73.55000000000001;5.564222222222223
PEUGEOT;2008;34778;Diesel M;100;PureTech;1.2;122;25846;2021;Automatique;73.55000000000001;5.653111111111112
PEUGEOT;208;15999;Essence;100;PureTech;1.2;118;44320;2017;Manuelle;73.55000000000001;5.564222222222223
CITROEN;C3;28499;ESSENCE;110;PureTech;1.2;121;21250;2022;AUTOMATIQUE;80.905;5.925088888888889
PEUGEOT;208;15989;Gpl;100;PureTech;1.2;118;9990;2023;Manuelle;73.55000000000001;5.564222222222223
PEUGEOT;208;19799;HYBRIDE;100;PureTech;1.2;118;43140;2021;AUTOMATIQUE;73.55000000000001;5.564222222222223
PEUGEOT;2008;10999;Electrique;100;BlueHDi;1.5;86;8000;2023;Automatique;73.55000000000001;4.853111111111112
CITROEN;C3;28499;ESSENCE;83;PureTech;1.2;123;21250;2022;AUTOMATIQUE;61.0465;5.1751933333333335
PEUGEOT;208;18499;Electrique;100;PureTech;1.2;118;29974;2020;Automatique;73.55000000000001;5.564222222222223
CITROEN;C3;18490;Hybride;83;PureTech;1.2;123;8000;2023;Automatique;61.0465;5.1751933333333335
RENAULT;Kadjar;12999;Electrique;140;TCe;1.3;152;100;2023;Automatique;102.97;7.4965777777777785
PEUGEOT;208;17799;Essence;100;PureTech;1.2;118;7008;2022;Manuelle;73.55000000000001;5.564222222222223
RENAULT;Clio;19799;HYBRIDE;90;dCi;1.5;82;43140;2021;AUTOMATIQUE;66.19500000000001;4.470022222222222
PEUGEOT;208;34778;Essence;100;PureTech;1.2;118;50655;2019;Automatique;73.55000000000001;5.564222222222223
CITROEN;C3;16499;Diesel;83;PureTech;1.2;122;10000;2022;Automatique;61.0465;5.152971111111111
FORD;Focus;19799;HYBRIDE;125;EcoBoost;1.0;96;43140;2021;AUTOMATIQUE;91.9375;5.810833333333333
PEUGEOT;208;16499;Essence;100;PureTech;1.2;118;8299;2022;Manuelle;73.55000000000001;5.564222222222223
MASERATI;Levante;19799;HYBRIDE;430;V6;3.0;273;43140;2021;AUTOMATIQUE;316.26500000000004;18.717266666666667
PEUGEOT;208;16499;Essence;75;PureTech;1.2;119;10900;2022;Manuelle;55.1625;4.850944444444444
CITROEN;C3;10499;Essence;83;PureTech;1.2;123;24397;2021;Automatique;61.0465;5.1751933333333335
RENAULT;Megane estate;19299;Essence;140;TCe;1.3;142;27817;2020;Manuelle;102.97;7.274355555555555
FIAT;Panda;25876;Essence;69;8v;1.2;112;39865;2019;Manuelle;50.749500000000005;4.518868888888889
PEUGEOT;208;14499;Essence;100;PureTech;1.2;118;16580;2019;Manuelle;73.55000000000001;5.564222222222223
CITROEN;C3;28499;DIESEL;83;PureTech;1.2;122;57118;2019;MANUELLE;61.0465;5.152971111111111
CITROEN;C3;34778;Essence;83;PureTech;1.2;123;47779;2021;Manuelle;61.0465;5.1751933333333335
PEUGEOT;208;16799;Essence;100;PureTech;1.2;118;44185;2018;Manuelle;73.55000000000001;5.564222222222223
PEUGEOT;308;22590;Essence;110;PureTech;1.2;108;44927;2019;Manuelle;80.905;5.6362000000000005
CITROEN;C3;42499;Electrique;83;PureTech;1.2;123;32980;2020;Automatique;61.0465;5.1751933333333335
PEUGEOT;208;19799;ESSENCE;100;PureTech;1.2;118;20246;2022;MANUELLE;73.55000000000001;5.564222222222223
CITROEN;C3;19799;ESSENCE;83;PureTech;1.2;123;20246;2022;MANUELLE;61.0465;5.1751933333333335
CITROEN;C3;18499;Essence;83;PureTech;1.2;123;31184;2021;Manuelle;61.0465;5.1751933333333335
CITROEN;C3;19799;ESSENCE;110;PureTech;1.2;122;20246;2022;MANUELLE;80.905;5.947311111111111
PEUGEOT;208;33999;Diesel;100;PureTech;1.2;118;112586;2017;Manuelle;73.55000000000001;5.564222222222223
RENAULT;Captur;19799;Hybride R;90;TCe;0.9;114;33316;2021;Automatique;66.19500000000001;5.181133333333333
PEUGEOT;308 sw;16499;Essence M;130;PureTech;1.2;108;9566;2023;Automatique;95.61500000000001;6.224600000000001
PEUGEOT;208;19799;Essence;100;PureTech;1.2;118;14574;2022;Manuelle;73.55000000000001;5.564222222222223
PEUGEOT;2008;28499;ESSENCE;130;PureTech;1.2;124;21250;2022;AUTOMATIQUE;95.61500000000001;6.580155555555556
PEUGEOT;3008;16499;Diesel;130;BlueHDi;1.5;111;53022;2021;Manuelle;95.61500000000001;6.291266666666667
RENAULT;Clio estate;27299;Diesel;90;dCi;1.5;82;109643;2019;Manuelle;66.19500000000001;4.470022222222222
CITROEN;C3;10999;Essence;110;PureTech;1.2;124;18698;2019;Manuelle;80.905;5.991755555555556
RENAULT;Kadjar;30999;Essence;115;Blue;1.5;112;22622;2021;Manuelle;84.58250000000001;5.872188888888889
RENAULT;Megane estate;18999;Essence;140;TCe;1.3;122;26350;2020;Manuelle;102.97;6.8299111111111115
CITROEN;C3;14580;Essence;83;PureTech;1.2;123;44747;2021;Manuelle;61.0465;5.1751933333333335
CITROEN;C3;13999;Essence;110;PureTech;1.2;124;44484;2020;Manuelle;80.905;5.991755555555556
PEUGEOT;208;16499;Hybride;100;PureTech;1.2;118;9905;2022;Automatique;73.55000000000001;5.564222222222223
CITROEN;C3;12999;Essence;83;PureTech;1.2;122;5335;2022;Manuelle;61.0465;5.152971111111111
PEUGEOT;208;19999;Essence;100;PureTech;1.2;118;5000;2023;Manuelle;73.55000000000001;5.564222222222223
CITROEN;C3;49499;Essence;83;PureTech;1.2;123;7612;2022;Automatique;61.0465;5.1751933333333335
VOLKSWAGEN;Tiguan;28499;Essence;190;TSI;2.0;160;40270;2019;Automatique;139.745;9.145355555555556
FORD;Focus;34778;Essence;125;EcoBoost;1.0;115;44310;2020;Automatique;91.9375;6.233055555555556
FORD;Ecosport;19299;Essence;125;EcoBoost;1.0;147;7260;2022;Manuelle;91.9375;6.944166666666667
PEUGEOT;208;11990;Electrique;100;PureTech;1.2;118;10500;2022;Automatique;73.55000000000001;5.564222222222223
CITROEN;C3;15489;Essence;110;PureTech;1.2;121;24089;2022;Manuelle;80.905;5.925088888888889
CITROEN;C3;34778;Essence;110;PureTech;1.2;125;10;2022;Automatique;80.905;6.013977777777778
PEUGEOT;208;13989;Essence;100;PureTech;1.2;118;36967;2021;Manuelle;73.55000000000001;5.564222222222223
CITROEN;C3;13288;Essence;83;PureTech;1.2;123;51489;2019;Automatique;61.0465;5.1751933333333335
CITROEN;C3;29999;Essence;83;PureTech;1.2;123;45634;2021;Automatique;61.0465;5.1751933333333335
PEUGEOT;208;34778;Essence;100;PureTech;1.2;118;47158;2020;Manuelle;73.55000000000001;5.564222222222223
CITROEN;C3;24299;Essence;83;PureTech;1.2;122;48397;2020;Manuelle;61.0465;5.152971111111111
PEUGEOT;208;19799;ESSENCE;100;PureTech;1.2;118;20246;2022;MANUELLE;73.55000000000001;5.564222222222223
PEUGEOT;208;19799;ESSENCE;100;PureTech;1.2;118;20246;2022;MANUELLE;73.55000000000001;5.564222222222223
CITROEN;C3;59499;Essence M;110;PureTech;1.2;121;25;2022;Automatique;80.905;5.925088888888889
RENAULT;Scenic;21799;Essence;140;TCe;1.3;155;36722;2020;Manuelle;102.97;7.563244444444445
CITROEN;C3;16499;Essence M;83;PureTech;1.2;123;18752;2022;Automatique;61.0465;5.1751933333333335
CITROEN;C3;63499;Hybride;110;PureTech;1.2;124;17194;2022;Automatique;80.905;5.991755555555556
MERCEDES;Classe b;12799;Diesel;116;116ch;2.0;8;28356;2022;Automatique;85.31800000000001;3.590497777777778
RENAULT;Kadjar;18499;Diesel;115;Blue;1.5;135;67590;2020;Manuelle;84.58250000000001;6.3833
CITROEN;C3;19799;ESSENCE;110;PureTech;1.2;132;20246;2022;MANUELLE;80.905;6.169533333333334
PEUGEOT;2008;16499;Electrique;130;BlueHDi;1.5;125;8000;2023;Automatique;95.61500000000001;6.602377777777778
PEUGEOT;2008;17999;Essence;130;BlueHDi;1.5;125;28322;2021;Manuelle;95.61500000000001;6.602377777777778
CITROEN;C3;78920;Diesel;83;PureTech;1.2;122;38457;2020;Automatique;61.0465;5.152971111111111
PEUGEOT;208;28499;DIESEL;100;PureTech;1.2;118;57118;2019;MANUELLE;73.55000000000001;5.564222222222223
RENAULT;Kadjar;19799;Essence;115;Blue;1.5;112;76950;2020;Manuelle;84.58250000000001;5.872188888888889
CITROEN;C3;14490;Essence;83;PureTech;1.2;123;76174;2015;Automatique;61.0465;5.1751933333333335
CITROEN;C3;28499;DIESEL;83;PureTech;1.2;123;57118;2019;MANUELLE;61.0465;5.1751933333333335
CITROEN;C3;35990;Essence M;83;PureTech;1.2;123;9500;2023;Manuelle;61.0465;5.1751933333333335
PEUGEOT;2008;10399;Hybride;100;BlueHDi;1.5;86;65340;2020;Automatique;73.55000000000001;4.853111111111112
PEUGEOT;208;19490;Diesel;100;PureTech;1.2;118;17559;2021;Manuelle;73.55000000000001;5.564222222222223
CITROEN;C3;15990;Essence;110;PureTech;1.2;121;12592;2021;Manuelle;80.905;5.925088888888889
PEUGEOT;208;14490;Diesel;100;PureTech;1.2;118;85202;2018;Manuelle;73.55000000000001;5.564222222222223
PEUGEOT;2008;34778;Essence;130;BlueHDi;1.5;125;65798;2019;Manuelle;95.61500000000001;6.602377777777778
RENAULT;Captur;11499;Essence;90;TCe;0.9;114;81605;2016;Manuelle;66.19500000000001;5.181133333333333
CITROEN;C3;14330;Diesel;83;PureTech;1.2;122;83998;2018;Manuelle;61.0465;5.152971111111111
PEUGEOT;208;13299;Essence;100;PureTech;1.2;118;15000;2021;Manuelle;73.55000000000001;5.564222222222223
CITROEN;C3;13999;Essence;83;PureTech;1.2;122;21697;2021;Manuelle;61.0465;5.152971111111111
RENAULT;Kadjar;25499;Diesel;115;Blue;1.5;112;135257;2016;Manuelle;84.58250000000001;5.872188888888889
CITROEN;C3;17500;Essence B;110;PureTech;1.2;123;15000;2023;Automatique;80.905;5.969533333333334
PEUGEOT;208;16499;Diesel;100;PureTech;1.2;118;108504;2018;Manuelle;73.55000000000001;5.564222222222223
VOLKSWAGEN;T-roc;30390;Essence;150;TSI;1.5;117;8000;2023;Manuelle;110.325;7.013
CITROEN;C3;25499;Essence;110;PureTech;1.2;132;28162;2021;Manuelle;80.905;6.169533333333334
DACIA;Duster;25119;Essence M;130;TCe;1.3;135;31167;2021;Automatique;95.61500000000001;6.8246
NISSAN;Qashqai;16480;Diesel;130;dCi;1.6;116;98789;2018;Manuelle;95.61500000000001;6.402377777777778
CITROEN;C3;14197;Essence;110;PureTech;1.2;124;49378;2021;Manuelle;80.905;5.991755555555556
RENAULT;Captur;18989;Essence;90;TCe;0.9;114;124000;2016;Manuelle;66.19500000000001;5.181133333333333
CITROEN;C3;16499;Diesel;110;PureTech;1.2;121;110630;2020;Manuelle;80.905;5.925088888888889
CITROEN;C3;37999;Essence;83;PureTech;1.2;122;32918;2020;Manuelle;61.0465;5.152971111111111
PEUGEOT;208;16999;Essence;100;PureTech;1.2;118;14082;2021;Manuelle;73.55000000000001;5.564222222222223
CITROEN;C3;20799;Essence;83;PureTech;1.2;123;550;2022;Automatique;61.0465;5.1751933333333335
KIA;Ceed;34778;Diesel;120;T;1.0;118;38017;2020;Automatique;88.26;6.152622222222222
PEUGEOT;308 sw;31990;Essence;130;PureTech;1.2;108;55428;2017;Manuelle;95.61500000000001;6.224600000000001
FIAT;500c;22299;Essence M;69;8v;1.2;109;20662;2022;Automatique;50.749500000000005;4.452202222222223
PEUGEOT;208;172990;Essence;100;PureTech;1.2;118;53717;2020;Manuelle;73.55000000000001;5.564222222222223
CITROEN;C3;34778;Essence;83;PureTech;1.2;123;300;2023;Automatique;61.0465;5.1751933333333335
VOLKSWAGEN;T-roc;28499;ESSENCE;115;TSI;1.0;113;21250;2022;AUTOMATIQUE;84.58250000000001;5.894411111111111
PEUGEOT;308;15490;Essence;130;PureTech;1.2;108;67474;2019;Manuelle;95.61500000000001;6.224600000000001
PEUGEOT;2008;22290;Essence M;130;BlueHDi;1.5;125;2875;2023;Manuelle;95.61500000000001;6.602377777777778
DACIA;Duster;34778;Diesel;115;Blue;1.5;118;26792;2022;Manuelle;84.58250000000001;6.005522222222223
VOLKSWAGEN;T-roc;19499;Diesel;115;TSI;1.0;134;76412;2020;Manuelle;84.58250000000001;6.361077777777778
RENAULT;Clio;23799;Essence;90;dCi;1.5;82;50763;2021;Automatique;66.19500000000001;4.470022222222222
CITROEN;C3;24980;Diesel;83;PureTech;1.2;123;60000;2019;Manuelle;61.0465;5.1751933333333335
PEUGEOT;208;19799;ESSENCE;100;PureTech;1.2;118;20246;2022;MANUELLE;73.55000000000001;5.564222222222223
KIA;Ceed;34778;Diesel;120;T;1.0;118;94736;2019;Automatique;88.26;6.152622222222222
PEUGEOT;208;14799;Essence;100;PureTech;1.2;118;10058;2021;Manuelle;73.55000000000001;5.564222222222223
CITROEN;C3;16499;Hybride;83;PureTech;1.2;122;16;2023;Automatique;61.0465;5.152971111111111
CITROEN;C3;34778;Essence;110;PureTech;1.2;132;45200;2016;Manuelle;80.905;6.169533333333334
CITROEN;C3;34778;Diesel;83;PureTech;1.2;123;33637;2021;Manuelle;61.0465;5.1751933333333335
PEUGEOT;208;65990;Hybride;100;PureTech;1.2;118;27394;2021;Automatique;73.55000000000001;5.564222222222223
RENAULT;Clio;30990;Essence;90;dCi;1.5;82;10283;2022;Manuelle;66.19500000000001;4.470022222222222
PEUGEOT;3008;26990;Essence;130;BlueHDi;1.5;111;36780;2017;Manuelle;95.61500000000001;6.291266666666667
CITROEN;C3;49999;Diesel;83;PureTech;1.2;123;38802;2019;Automatique;61.0465;5.1751933333333335
RENAULT;Megane estate;18499;Essence;140;TCe;1.3;142;35739;2020;Manuelle;102.97;7.274355555555555
PEUGEOT;2008;46999;Diesel;130;BlueHDi;1.5;125;75368;2020;Manuelle;95.61500000000001;6.602377777777778
FORD;Focus sw;32990;Essence;125;EcoBoost;1.0;97;20406;2022;Manuelle;91.9375;5.833055555555555
PEUGEOT;208;15999;Essence;100;PureTech;1.2;118;14180;2021;Manuelle;73.55000000000001;5.564222222222223
VOLKSWAGEN;T-roc;28799;Diesel;150;TDI;2.0;132;55116;2019;Automatique;110.325;7.346333333333334
SEAT;Ateca;19799;ESSENCE;150;TSI;1.5;151;20246;2022;MANUELLE;110.325;7.768555555555556
CITROEN;C3;12999;Essence;110;PureTech;1.2;132;21940;2023;Manuelle;80.905;6.169533333333334
CITROEN;C3;51999;Diesel;83;PureTech;1.2;123;104835;2020;Automatique;61.0465;5.1751933333333335
FORD;Focus;16979;Essence;125;EcoBoost;1.0;96;31013;2020;Automatique;91.9375;5.810833333333333
CITROEN;C3;19799;HYBRIDE;110;PureTech;1.2;132;43140;2021;AUTOMATIQUE;80.905;6.169533333333334
CITROEN;C3;11999;Essence;83;PureTech;1.2;122;75266;2018;Automatique;61.0465;5.152971111111111
PEUGEOT;208;16988;Essence;100;PureTech;1.2;118;55723;2020;Manuelle;73.55000000000001;5.564222222222223
PEUGEOT;208;19799;HYBRIDE;100;PureTech;1.2;118;43140;2021;AUTOMATIQUE;73.55000000000001;5.564222222222223
PEUGEOT;2008;16799;Essence;100;PureTech;1.2;122;39393;2019;Manuelle;73.55000000000001;5.653111111111112
PEUGEOT;3008;26299;Essence;130;BlueHDi;1.5;111;3702;2023;Manuelle;95.61500000000001;6.291266666666667
PEUGEOT;208;34778;Hybride R;100;PureTech;1.2;118;35494;2020;Automatique;73.55000000000001;5.564222222222223
CITROEN;C3;34778;Gpl;110;PureTech;1.2;121;9000;2023;Manuelle;80.905;5.925088888888889
RENAULT;Megane estate;20199;Essence;140;TCe;1.3;142;74098;2017;Manuelle;102.97;7.274355555555555
PEUGEOT;208;129990;Essence;100;PureTech;1.2;118;32995;2021;Automatique;73.55000000000001;5.564222222222223
CITROEN;C3;19799;ESSENCE;110;PureTech;1.2;122;20246;2022;MANUELLE;80.905;5.947311111111111
CITROEN;C3;21499;Essence;110;PureTech;1.2;132;52866;2019;Manuelle;80.905;6.169533333333334
PEUGEOT;208;14299;Essence;100;PureTech;1.2;118;22106;2022;Automatique;73.55000000000001;5.564222222222223
PEUGEOT;208;34778;Diesel M;100;PureTech;1.2;118;14850;2022;Automatique;73.55000000000001;5.564222222222223
PEUGEOT;208;16999;Essence;100;PureTech;1.2;118;11000;2022;Manuelle;73.55000000000001;5.564222222222223
PEUGEOT;208;17799;Essence;100;PureTech;1.2;118;6725;2022;Manuelle;73.55000000000001;5.564222222222223
PEUGEOT;208;16499;Essence;100;PureTech;1.2;118;35305;2018;Automatique;73.55000000000001;5.564222222222223
CITROEN;C3;34778;Essence;110;PureTech;1.2;123;59058;2019;Manuelle;80.905;5.969533333333334
PEUGEOT;2008;44490;Essence;130;BlueHDi;1.5;125;23188;2021;Automatique;95.61500000000001;6.602377777777778
CITROEN;C3;13490;Electrique;110;PureTech;1.2;124;28598;2022;Automatique;80.905;5.991755555555556
PEUGEOT;308;34778;Diesel;130;PureTech;1.2;108;19048;2022;Manuelle;95.61500000000001;6.224600000000001
PEUGEOT;208;13979;Essence;100;PureTech;1.2;118;20868;2021;Automatique;73.55000000000001;5.564222222222223
CITROEN;C3;28499;ESSENCE;110;PureTech;1.2;124;21250;2022;AUTOMATIQUE;80.905;5.991755555555556
PEUGEOT;3008;21999;Diesel;130;BlueHDi;1.5;111;97392;2019;Manuelle;95.61500000000001;6.291266666666667
PEUGEOT;208;17799;Diesel;100;PureTech;1.2;118;55384;2019;Manuelle;73.55000000000001;5.564222222222223
RENAULT;Clio;26499;Essence;90;dCi;1.5;82;41622;2021;Manuelle;66.19500000000001;4.470022222222222
PEUGEOT;208;18299;Essence;100;PureTech;1.2;118;5995;2022;Manuelle;73.55000000000001;5.564222222222223
RENAULT;Kadjar;19499;Essence;140;TCe;1.3;152;35460;2022;Manuelle;102.97;7.4965777777777785
PEUGEOT;2008;44980;Essence;130;PureTech;1.2;124;1373;2023;Automatique;95.61500000000001;6.580155555555556
PEUGEOT;2008;24499;Diesel;100;BlueHDi;1.5;86;23416;2021;Manuelle;73.55000000000001;4.853111111111112
PEUGEOT;208;26990;Hybride;100;PureTech;1.2;118;55758;2020;Automatique;73.55000000000001;5.564222222222223
CITROEN;C3;13999;Essence;83;PureTech;1.2;122;34242;2021;Manuelle;61.0465;5.152971111111111
PEUGEOT;2008;28499;ESSENCE;130;BlueHDi;1.5;125;21250;2022;AUTOMATIQUE;95.61500000000001;6.602377777777778
PEUGEOT;208;16499;Essence;100;PureTech;1.2;118;23263;2022;Automatique;73.55000000000001;5.564222222222223
PEUGEOT;208;28499;DIESEL;100;PureTech;1.2;118;57118;2019;MANUELLE;73.55000000000001;5.564222222222223
DACIA;Duster;16499;Electrique;100;TCe;1.0;121;18413;2021;Automatique;73.55000000000001;5.63088888888889
PEUGEOT;208;16999;Essence;100;PureTech;1.2;118;16145;2021;Manuelle;73.55000000000001;5.564222222222223
DACIA;Duster;15499;Diesel;115;Blue;1.5;108;86694;2019;Manuelle;84.58250000000001;5.7833000000000006
CITROEN;C3;27980;Diesel;110;PureTech;1.2;124;115715;2014;Manuelle;80.905;5.991755555555556
CITROEN;C3;14499;Essence;83;PureTech;1.2;123;44605;2021;Manuelle;61.0465;5.1751933333333335
PEUGEOT;2008;25480;Diesel;130;BlueHDi;1.5;125;57126;2021;Automatique;95.61500000000001;6.602377777777778
FIAT;500;10499;Essence;69;8v;1.2;109;31167;2018;Manuelle;50.749500000000005;4.452202222222223
CITROEN;C3;17299;Essence;110;PureTech;1.2;124;17952;2021;Manuelle;80.905;5.991755555555556
PEUGEOT;2008;19490;Essence;100;PureTech;1.2;122;42556;2020;Manuelle;73.55000000000001;5.653111111111112
PEUGEOT;208;62199;Essence;100;PureTech;1.2;118;9996;2022;Manuelle;73.55000000000001;5.564222222222223
PEUGEOT;208;34778;Essence;100;PureTech;1.2;118;44402;2017;Manuelle;73.55000000000001;5.564222222222223
CITROEN;C3;14999;Essence;83;PureTech;1.2;122;80050;2018;Manuelle;61.0465;5.152971111111111
DACIA;Duster;20499;Hybride;115;Blue;1.5;108;39930;2021;Automatique;84.58250000000001;5.7833000000000006
RENAULT;Kadjar;19799;ESSENCE;115;Blue;1.5;112;20246;2022;MANUELLE;84.58250000000001;5.872188888888889
CITROEN;C3;27490;Diesel;83;PureTech;1.2;130;24624;2022;Automatique;61.0465;5.330748888888889
CITROEN;C3;10299;Diesel;83;PureTech;1.2;123;20673;2022;Manuelle;61.0465;5.1751933333333335
PEUGEOT;208;15499;Diesel;100;PureTech;1.2;118;71039;2020;Manuelle;73.55000000000001;5.564222222222223
PEUGEOT;3008;16980;Essence;130;PureTech;1.2;109;40100;2021;Automatique;95.61500000000001;6.246822222222223
CITROEN;C3;19799;Essence;110;PureTech;1.2;132;25148;2022;Automatique;80.905;6.169533333333334
RENAULT;Captur;47900;Essence;90;TCe;0.9;114;22868;2020;Manuelle;66.19500000000001;5.181133333333333
PEUGEOT;208;38375;Essence;75;PureTech;1.2;119;8600;2021;Manuelle;55.1625;4.850944444444444
PEUGEOT;208;10880;Essence;100;BlueHDi;1.5;86;78441;2018;Manuelle;73.55000000000001;4.853111111111112
PEUGEOT;208;28499;DIESEL;100;PureTech;1.2;118;57118;2019;MANUELLE;73.55000000000001;5.564222222222223
PEUGEOT;208;11499;Essence M;100;PureTech;1.2;118;17990;2022;Automatique;73.55000000000001;5.564222222222223
FORD;Transit custom kombi;12490;Essence;130;EcoBlue;2.0;161;107037;2017;Manuelle;95.61500000000001;7.402377777777778
RENAULT;Kadjar;15299;Diesel;140;TCe;1.3;130;50;2023;Automatique;102.97;7.0076888888888895
PEUGEOT;208;29999;Diesel;100;PureTech;1.2;118;71861;2021;Manuelle;73.55000000000001;5.564222222222223
PEUGEOT;208;19999;Diesel;100;PureTech;1.2;118;42225;2020;Manuelle;73.55000000000001;5.564222222222223
CITROEN;C3;28499;ESSENCE;110;PureTech;1.2;123;21250;2022;AUTOMATIQUE;80.905;5.969533333333334
CITROEN;C3;31800;Electrique;83;PureTech;1.2;130;24294;2021;Automatique;61.0465;5.330748888888889
RENAULT;Clio;21499;Essence;90;dCi;1.5;82;26770;2018;Manuelle;66.19500000000001;4.470022222222222
CITROEN;C3;17990;Essence;83;PureTech;1.2;123;20275;2023;Manuelle;61.0465;5.1751933333333335
PEUGEOT;208;17990;Essence;100;PureTech;1.2;118;20864;2022;Manuelle;73.55000000000001;5.564222222222223
RENAULT;Kadjar;19799;ESSENCE;115;Blue;1.5;112;20246;2022;MANUELLE;84.58250000000001;5.872188888888889
CITROEN;C3;23999;Diesel;110;PureTech;1.2;132;85100;2019;Manuelle;80.905;6.169533333333334
CITROEN;C3;18761;Essence;110;PureTech;1.2;122;17897;2022;Manuelle;80.905;5.947311111111111
RENAULT;Megane estate;16499;Hybride;140;TCe;1.3;142;7290;2022;Automatique;102.97;7.274355555555555
PEUGEOT;208;13980;Essence M;100;PureTech;1.2;118;34642;2021;Manuelle;73.55000000000001;5.564222222222223
DACIA;Duster;28499;DIESEL;115;Blue;1.5;108;57118;2019;MANUELLE;84.58250000000001;5.7833000000000006
RENAULT;Megane;22389;Essence;95;Blue;1.5;116;7452;2022;Automatique;69.8725;5.372677777777778
CITROEN;C3;16499;Diesel;83;PureTech;1.2;123;54101;2020;Manuelle;61.0465;5.1751933333333335
PEUGEOT;208;28499;DIESEL;100;PureTech;1.2;118;57118;2019;MANUELLE;73.55000000000001;5.564222222222223
PEUGEOT;2008;15499;Hybride R;100;BlueHDi;1.5;86;19272;2022;Automatique;73.55000000000001;4.853111111111112
CITROEN;C3;27487;Diesel;83;PureTech;1.2;123;70001;2021;Automatique;61.0465;5.1751933333333335
CITROEN;C3;17299;Diesel;83;PureTech;1.2;122;61754;2019;Automatique;61.0465;5.152971111111111
CITROEN;C3;28499;DIESEL;83;PureTech;1.2;123;57118;2019;MANUELLE;61.0465;5.1751933333333335
MERCEDES;Classe b;34778;Diesel;116;116ch;2.0;8;45300;2020;Manuelle;85.31800000000001;3.590497777777778
PEUGEOT;2008;27900;Essence;100;BlueHDi;1.5;86;25850;2020;Automatique;73.55000000000001;4.853111111111112
DACIA;Duster;20499;Essence;115;Blue;1.5;108;110582;2016;Manuelle;84.58250000000001;5.7833000000000006
CITROEN;C3;14999;Essence;83;PureTech;1.2;123;15645;2022;Manuelle;61.0465;5.1751933333333335
RENAULT;Kadjar;30890;Diesel;115;Blue;1.5;112;123580;2017;Automatique;84.58250000000001;5.872188888888889
PEUGEOT;3008;16499;Hybride R;130;BlueHDi;1.5;111;30150;2021;Automatique;95.61500000000001;6.291266666666667
PEUGEOT;208;58990;Diesel;100;PureTech;1.2;118;107262;2019;Manuelle;73.55000000000001;5.564222222222223
PEUGEOT;208;55299;Diesel;100;PureTech;1.2;118;53053;2020;Manuelle;73.55000000000001;5.564222222222223
CITROEN;C3;19799;HYBRIDE;83;PureTech;1.2;123;43140;2021;AUTOMATIQUE;61.0465;5.1751933333333335
CITROEN;C3;27900;Electrique;83;PureTech;1.2;122;1858;2023;Automatique;61.0465;5.152971111111111
FIAT;500;19799;ESSENCE;69;8v;1.2;109;20246;2022;MANUELLE;50.749500000000005;4.452202222222223
PEUGEOT;2008;13499;Essence;130;BlueHDi;1.5;125;34000;2018;Manuelle;95.61500000000001;6.602377777777778
CITROEN;C3;16499;Essence;83;PureTech;1.2;123;33603;2021;Manuelle;61.0465;5.1751933333333335
RENAULT;Clio estate;19900;Essence;90;dCi;1.5;82;93965;2016;Automatique;66.19500000000001;4.470022222222222
RENAULT;Kadjar;18999;Essence;140;TCe;1.3;130;28928;2019;Manuelle;102.97;7.0076888888888895
CITROEN;C3;15299;Essence;110;PureTech;1.2;132;22420;2020;Manuelle;80.905;6.169533333333334
SEAT;Ateca;28499;ESSENCE;150;TSI;1.5;151;21250;2022;AUTOMATIQUE;110.325;7.768555555555556
PEUGEOT;208;34499;Diesel;100;PureTech;1.2;118;89609;2018;Automatique;73.55000000000001;5.564222222222223
CITROEN;C3;20499;Diesel;110;PureTech;1.2;125;64953;2020;Automatique;80.905;6.013977777777778
DACIA;Duster;46990;Essence;115;Blue;1.5;108;5000;2023;Automatique;84.58250000000001;5.7833000000000006
PEUGEOT;208;14680;Hybride;100;PureTech;1.2;118;65563;2018;Automatique;73.55000000000001;5.564222222222223
PEUGEOT;208;20480;Essence;100;PureTech;1.2;118;21335;2021;Manuelle;73.55000000000001;5.564222222222223
CITROEN;C3;12999;Essence;83;PureTech;1.2;123;7219;2022;Manuelle;61.0465;5.1751933333333335
PEUGEOT;208;43990;Diesel;100;PureTech;1.2;118;117449;2020;Automatique;73.55000000000001;5.564222222222223
PEUGEOT;208;16999;Essence;75;PureTech;1.2;119;14181;2022;Manuelle;55.1625;4.850944444444444
PEUGEOT;208;21380;Diesel;100;PureTech;1.2;118;38071;2021;Manuelle;73.55000000000001;5.564222222222223
PEUGEOT;208;34778;Essence;100;PureTech;1.2;118;20197;2022;Manuelle;73.55000000000001;5.564222222222223
PEUGEOT;208;14999;Essence;75;PureTech;1.2;119;24610;2021;Manuelle;55.1625;4.850944444444444
CITROEN;C3;34778;Electrique;83;PureTech;1.2;123;32908;2020;Automatique;61.0465;5.1751933333333335
PEUGEOT;208;34999;Diesel;100;PureTech;1.2;118;73345;2021;Manuelle;73.55000000000001;5.564222222222223
CITROEN;C3;12499;Diesel;83;PureTech;1.2;123;73466;2020;Automatique;61.0465;5.1751933333333335
PEUGEOT;208;15499;Essence;75;PureTech;1.2;118;21644;2021;Manuelle;55.1625;4.828722222222222
RENAULT;Megane estate;19799;HYBRIDE;140;TCe;1.3;142;43140;2021;AUTOMATIQUE;102.97;7.274355555555555
PEUGEOT;208;19799;ESSENCE;100;PureTech;1.2;118;20246;2022;MANUELLE;73.55000000000001;5.564222222222223
RENAULT;Captur;28499;ESSENCE;90;TCe;0.9;114;21250;2022;AUTOMATIQUE;66.19500000000001;5.181133333333333
DACIA;Duster;12479;Essence M;100;TCe;1.0;121;19724;2022;Automatique;73.55000000000001;5.63088888888889
FORD;Focus active;14490;Hybride R;120;EcoBlue;1.5;101;10;2023;Automatique;88.26;5.774844444444445
PEUGEOT;208;15799;Essence;100;PureTech;1.2;118;19338;2020;Manuelle;73.55000000000001;5.564222222222223
PEUGEOT;208;13499;Diesel;75;PureTech;1.2;118;39492;2020;Automatique;55.1625;4.828722222222222
PEUGEOT;208;18900;Essence;100;PureTech;1.2;118;27935;2020;Manuelle;73.55000000000001;5.564222222222223
CITROEN;C3;19799;ESSENCE;83;PureTech;1.2;123;20246;2022;MANUELLE;61.0465;5.1751933333333335
PEUGEOT;208;17999;Electrique;100;PureTech;1.2;118;1000;2023;Automatique;73.55000000000001;5.564222222222223
RENAULT;Captur;16499;Essence;90;TCe;0.9;114;10000;2023;Automatique;66.19500000000001;5.181133333333333
PEUGEOT;208;18999;Essence;100;PureTech;1.2;118;7000;2022;Manuelle;73.55000000000001;5.564222222222223
RENAULT;Kadjar;16499;Hybride;140;TCe;1.3;152;36769;2019;Automatique;102.97;7.4965777777777785
RENAULT;Clio;35299;Essence;90;dCi;1.5;82;27860;2022;Manuelle;66.19500000000001;4.470022222222222
PEUGEOT;308;9299;Essence;110;PureTech;1.2;108;78600;2018;Manuelle;80.905;5.6362000000000005
PEUGEOT;208;17299;Essence;100;PureTech;1.2;118;15500;2022;Manuelle;73.55000000000001;5.564222222222223
DACIA;Duster;15999;Diesel;115;Blue;1.5;108;69422;2019;Manuelle;84.58250000000001;5.7833000000000006
CITROEN;C3;28499;DIESEL;110;PureTech;1.2;121;57118;2019;MANUELLE;80.905;5.925088888888889
PEUGEOT;208;20478;Essence;100;PureTech;1.2;118;10;2023;Automatique;73.55000000000001;5.564222222222223
CITROEN;C3;16490;Essence;110;PureTech;1.2;137;55111;2020;Automatique;80.905;6.2806444444444445
PEUGEOT;2008;89900;Essence;100;PureTech;1.2;122;3;2022;Manuelle;73.55000000000001;5.653111111111112
RENAULT;Kadjar;31980;Diesel;115;Blue;1.5;112;107547;2017;Automatique;84.58250000000001;5.872188888888889
PEUGEOT;208;28499;ESSENCE;100;PureTech;1.2;118;21250;2022;AUTOMATIQUE;73.55000000000001;5.564222222222223
CITROEN;C3;19680;Diesel;110;PureTech;1.2;137;60857;2021;Manuelle;80.905;6.2806444444444445
FIAT;500;16999;Essence;69;8v;1.2;109;51571;2019;Automatique;50.749500000000005;4.452202222222223
PEUGEOT;208;16799;Electrique;100;PureTech;1.2;118;48335;2022;Automatique;73.55000000000001;5.564222222222223
PEUGEOT;208;19490;Diesel;100;PureTech;1.2;118;237;2022;Automatique;73.55000000000001;5.564222222222223
PEUGEOT;208;16499;Diesel;100;PureTech;1.2;118;111205;2020;Automatique;73.55000000000001;5.564222222222223
RENAULT;Megane estate;34778;Essence;140;TCe;1.3;142;70113;2020;Manuelle;102.97;7.274355555555555
CITROEN;C3;19799;HYBRIDE;83;PureTech;1.2;123;43140;2021;AUTOMATIQUE;61.0465;5.1751933333333335
CITROEN;C3;17799;Diesel;110;PureTech;1.2;132;66100;2021;Manuelle;80.905;6.169533333333334
PEUGEOT;308;19299;Essence;130;PureTech;1.2;108;19633;2022;Manuelle;95.61500000000001;6.224600000000001
CITROEN;C3;68900;Essence;83;PureTech;1.2;123;38007;2019;Manuelle;61.0465;5.1751933333333335
CITROEN;C3;14499;Electrique;83;PureTech;1.2;123;21959;2016;Automatique;61.0465;5.1751933333333335
PEUGEOT;208;18299;Essence;100;PureTech;1.2;118;10624;2021;Manuelle;73.55000000000001;5.564222222222223
PEUGEOT;208;19799;Essence;100;PureTech;1.2;118;4861;2022;Manuelle;73.55000000000001;5.564222222222223
FORD;Focus;18999;Essence;125;EcoBoost;1.0;97;56763;2019;Manuelle;91.9375;5.833055555555555
PEUGEOT;208;28299;Essence;100;PureTech;1.2;118;11963;2021;Manuelle;73.55000000000001;5.564222222222223
PEUGEOT;208;11999;Essence;100;PureTech;1.2;118;74771;2018;Manuelle;73.55000000000001;5.564222222222223
PEUGEOT;208;17799;Essence;100;PureTech;1.2;118;11320;2022;Manuelle;73.55000000000001;5.564222222222223
CITROEN;C3;12499;Hybride;110;PureTech;1.2;132;35000;2021;Automatique;80.905;6.169533333333334
CITROEN;C3;28499;ESSENCE;83;PureTech;1.2;122;21250;2022;AUTOMATIQUE;61.0465;5.152971111111111
CITROEN;C3;42300;Essence;83;PureTech;1.2;123;10000;2023;Automatique;61.0465;5.1751933333333335
RENAULT;Captur;24999;Gpl;90;TCe;0.9;114;8504;2023;Manuelle;66.19500000000001;5.181133333333333
PEUGEOT;208;16499;Essence;100;PureTech;1.2;118;39884;2019;Manuelle;73.55000000000001;5.564222222222223
PEUGEOT;2008;16990;Diesel;100;BlueHDi;1.5;86;45060;2021;Automatique;73.55000000000001;4.853111111111112
CITROEN;C3;24799;Diesel;110;PureTech;1.2;124;110100;2017;Manuelle;80.905;5.991755555555556
PEUGEOT;5008;31499;Electrique;130;BlueHDi;1.5;111;82447;2021;Automatique;95.61500000000001;6.291266666666667
RENAULT;Kadjar;20999;Essence;140;TCe;1.3;130;22410;2020;Manuelle;102.97;7.0076888888888895
PEUGEOT;2008;18499;Diesel;130;BlueHDi;1.5;125;109752;2017;Automatique;95.61500000000001;6.602377777777778
CITROEN;C3;13899;Essence;83;PureTech;1.2;123;12867;2021;Manuelle;61.0465;5.1751933333333335
PEUGEOT;208;16799;Essence;100;PureTech;1.2;118;19183;2021;Manuelle;73.55000000000001;5.564222222222223
PEUGEOT;208;28499;DIESEL;100;PureTech;1.2;118;57118;2019;MANUELLE;73.55000000000001;5.564222222222223
PEUGEOT;208;17999;Essence;100;PureTech;1.2;118;5160;2022;Manuelle;73.55000000000001;5.564222222222223
PEUGEOT;2008;26798;Diesel;130;BlueHDi;1.5;125;29881;2022;Automatique;95.61500000000001;6.602377777777778
RENAULT;Megane;16499;Essence;115;TCe;1.3;120;39352;2019;Manuelle;84.58250000000001;6.049966666666667
PEUGEOT;208;20480;Essence;100;PureTech;1.2;118;35137;2019;Automatique;73.55000000000001;5.564222222222223
PEUGEOT;2008;19799;HYBRIDE;100;BlueHDi;1.5;86;43140;2021;AUTOMATIQUE;73.55000000000001;4.853111111111112
PEUGEOT;208;14290;Electrique;100;PureTech;1.2;118;10;2023;Automatique;73.55000000000001;5.564222222222223
PEUGEOT;208;54957;Diesel;100;PureTech;1.2;118;110220;2015;Automatique;73.55000000000001;5.564222222222223
PEUGEOT;208;19799;ESSENCE;100;PureTech;1.2;118;20246;2022;MANUELLE;73.55000000000001;5.564222222222223
CITROEN;C3;32499;Essence;110;PureTech;1.2;124;20524;2020;Manuelle;80.905;5.991755555555556
PEUGEOT;208;32999;Diesel;100;PureTech;1.2;118;105800;2016;Automatique;73.55000000000001;5.564222222222223
PEUGEOT;2008;36990;Hybride;130;BlueHDi;1.5;125;76000;2018;Automatique;95.61500000000001;6.602377777777778
RENAULT;Kadjar;14999;Hybride R;115;Blue;1.5;112;25000;2021;Automatique;84.58250000000001;5.872188888888889
CITROEN;C3;10479;Essence;83;PureTech;1.2;123;40588;2020;Manuelle;61.0465;5.1751933333333335
PEUGEOT;208;19799;Essence;100;PureTech;1.2;118;14039;2022;Manuelle;73.55000000000001;5.564222222222223
PEUGEOT;208;33799;Hybride;100;PureTech;1.2;118;15000;2023;Automatique;73.55000000000001;5.564222222222223
PEUGEOT;208;19499;Essence;100;PureTech;1.2;118;14387;2022;Manuelle;73.55000000000001;5.564222222222223
CITROEN;C3;34778;Diesel M;83;PureTech;1.2;123;78511;2021;Automatique;61.0465;5.1751933333333335
CITROEN;C3;20999;Diesel;110;PureTech;1.2;121;103143;2016;Manuelle;80.905;5.925088888888889
CITROEN;C3;11290;Gpl;83;PureTech;1.2;122;49226;2020;Manuelle;61.0465;5.152971111111111
PEUGEOT;208;13799;Essence;100;PureTech;1.2;118;14242;2022;Manuelle;73.55000000000001;5.564222222222223
PEUGEOT;208;16780;Essence;100;PureTech;1.2;118;47749;2020;Manuelle;73.55000000000001;5.564222222222223
PEUGEOT;208;10999;Hybride R;100;PureTech;1.2;118;30827;2021;Automatique;73.55000000000001;5.564222222222223
FORD;Focus active;28499;DIESEL;125;EcoBoost;1.0;96;57118;2019;MANUELLE;91.9375;5.810833333333333
RENAULT;Kadjar;26299;Essence;115;Blue;1.5;135;30829;2017;Automatique;84.58250000000001;6.3833
FORD;Focus active sw;22999;Essence;150;EcoBoost;1.5;112;39517;2019;Manuelle;110.325;6.901888888888889
CITROEN;C3;16499;Essence;110;PureTech;1.2;121;13259;2022;Manuelle;80.905;5.925088888888889
CITROEN;C3;20499;Essence;83;PureTech;1.2;122;24791;2022;Automatique;61.0465;5.152971111111111
